{
	"credit": "Made with Blockbench",
	"textures": {
		"0": "block/Yellow",
		"1": "block/texture",
		"2": "Pictures:phara",
		"3": "Pictures:radiator",
		"4": "block/texture",
		"7": "Pictures:wheel",
		"8": "block/texture",
		"particle": "block/Yellow"
	},
	"elements": [
		{
			"from": [5, 1, 2],
			"to": [11, 3, 2],
			"rotation": {"angle": 0, "axis": "x", "origin": [7, 1, 2]},
			"faces": {
				"north": {"uv": [0.25, 0.25, 0.75, 0.75], "rotation": 180, "texture": "#0"},
				"east": {"uv": [1.25, 0.25, 1.75, 0.75], "rotation": 90, "texture": "#0"},
				"south": {"uv": [2.25, 0.25, 2.75, 0.75], "texture": "#0"},
				"west": {"uv": [3.25, 0.25, 3.75, 0.75], "rotation": 270, "texture": "#0"},
				"up": {"uv": [4.25, 0.25, 4.75, 0.75], "texture": "#0"},
				"down": {"uv": [5.25, 0.25, 5.75, 0.75], "rotation": 180, "texture": "#0"}
			}
		},
		{
			"from": [5, 1, 2.01],
			"to": [11, 3, 14.01],
			"rotation": {"angle": 0, "axis": "y", "origin": [12, 1, 7]},
			"faces": {
				"north": {"uv": [1.25, 0.25, 1.75, 0.75], "rotation": 90, "texture": "#0"},
				"east": {"uv": [2.25, 0.25, 2.75, 0.75], "texture": "#0"},
				"south": {"uv": [3.25, 0.25, 3.75, 0.75], "rotation": 270, "texture": "#0"},
				"west": {"uv": [0.25, 0.25, 0.75, 0.75], "rotation": 180, "texture": "#0"},
				"up": {"uv": [4.25, 0.25, 4.75, 0.75], "rotation": 270, "texture": "#0"},
				"down": {"uv": [5.25, 0.25, 5.75, 0.75], "rotation": 270, "texture": "#0"}
			}
		},
		{
			"from": [5, 3, 7.01],
			"to": [11, 5, 12.01],
			"rotation": {"angle": 0, "axis": "y", "origin": [12, 3, 7]},
			"faces": {
				"north": {"uv": [1.25, 0.25, 1.75, 0.75], "rotation": 90, "texture": "#0"},
				"east": {"uv": [2.25, 0.25, 2.75, 0.75], "texture": "#0"},
				"south": {"uv": [3.25, 0.25, 3.75, 0.75], "rotation": 270, "texture": "#0"},
				"west": {"uv": [0.25, 0.25, 0.75, 0.75], "rotation": 180, "texture": "#0"},
				"up": {"uv": [4.25, 0.25, 4.75, 0.75], "rotation": 270, "texture": "#0"},
				"down": {"uv": [5.25, 0.25, 5.75, 0.75], "rotation": 270, "texture": "#0"}
			}
		},
		{
			"from": [5, 3, 2],
			"to": [11, 3, 7],
			"rotation": {"angle": 0, "axis": "x", "origin": [7, 3, 2]},
			"faces": {
				"north": {"uv": [6.25, 0.25, 6.75, 0.75], "texture": "#0"},
				"east": {"uv": [7.25, 0.25, 7.75, 0.75], "texture": "#0"},
				"south": {"uv": [8.25, 0.25, 8.75, 0.75], "texture": "#0"},
				"west": {"uv": [9.25, 0.25, 9.75, 0.75], "texture": "#0"},
				"up": {"uv": [10.25, 0.25, 10.75, 0.75], "texture": "#0"},
				"down": {"uv": [11.25, 0.25, 11.75, 0.75], "texture": "#0"}
			}
		},
		{
			"from": [7, 2.1, 3],
			"to": [9, 3.1, 8],
			"rotation": {"angle": 0, "axis": "y", "origin": [7, 2.5, 3]},
			"faces": {
				"north": {"uv": [0.25, 0.25, 0.75, 0.75], "texture": "#4"},
				"east": {"uv": [1.25, 0.25, 1.75, 0.75], "texture": "#4"},
				"south": {"uv": [2.25, 0.25, 2.75, 0.75], "texture": "#4"},
				"west": {"uv": [3.25, 0.25, 3.75, 0.75], "texture": "#4"},
				"up": {"uv": [4.25, 0.25, 4.75, 0.75], "texture": "#4"},
				"down": {"uv": [5.25, 0.25, 5.75, 0.75], "texture": "#4"}
			}
		},
		{
			"from": [5, 4.1, 7],
			"to": [11, 5.1, 12],
			"rotation": {"angle": 0, "axis": "y", "origin": [7, 4.5, 7]},
			"faces": {
				"north": {"uv": [6.25, 0.25, 6.75, 0.75], "texture": "#0"},
				"east": {"uv": [7.25, 0.25, 7.75, 0.75], "texture": "#0"},
				"south": {"uv": [8.25, 0.25, 8.75, 0.75], "texture": "#0"},
				"west": {"uv": [9.25, 0.25, 9.75, 0.75], "texture": "#0"},
				"up": {"uv": [10.25, 0.25, 10.75, 0.75], "texture": "#0"},
				"down": {"uv": [11.25, 0.25, 11.75, 0.75], "texture": "#0"}
			}
		},
		{
			"from": [5, 4.2, 8],
			"to": [11, 5.2, 12],
			"rotation": {"angle": 0, "axis": "y", "origin": [7, 4.5, 7]},
			"faces": {
				"north": {"uv": [6.25, 0.25, 6.75, 0.75], "texture": "#0"},
				"east": {"uv": [7.25, 0.25, 7.75, 0.75], "texture": "#0"},
				"south": {"uv": [8.25, 0.25, 8.75, 0.75], "texture": "#0"},
				"west": {"uv": [9.25, 0.25, 9.75, 0.75], "texture": "#0"},
				"up": {"uv": [10.25, 0.25, 10.75, 0.75], "texture": "#0"},
				"down": {"uv": [11.25, 0.25, 11.75, 0.75], "texture": "#0"}
			}
		},
		{
			"from": [5, 3.5, 11],
			"to": [11, 5.5, 13],
			"rotation": {"angle": 0, "axis": "y", "origin": [7, 4.5, 6]},
			"faces": {
				"north": {"uv": [6.25, 0.25, 6.75, 0.75], "texture": "#0"},
				"east": {"uv": [7.25, 0.25, 7.75, 0.75], "texture": "#0"},
				"south": {"uv": [8.25, 0.25, 8.75, 0.75], "texture": "#0"},
				"west": {"uv": [9.25, 0.25, 9.75, 0.75], "texture": "#0"},
				"up": {"uv": [10.25, 0.25, 10.75, 0.75], "texture": "#0"},
				"down": {"uv": [11.25, 0.25, 11.75, 0.75], "texture": "#0"}
			}
		},
		{
			"from": [9.5, 1.5, 1.8],
			"to": [10.5, 2.5, 2.8],
			"rotation": {"angle": 0, "axis": "y", "origin": [10, 2, 1.5]},
			"faces": {
				"north": {"uv": [1.06794, 1.65912, 14.90226, 14.56973], "texture": "#2"},
				"east": {"uv": [1.7354, 0.76281, 2.7354, 1.76281], "texture": "#2"},
				"south": {"uv": [0, 0, 1, 1], "texture": "#missing"},
				"west": {"uv": [2.55542, 0.57211, 13.83433, 1.57211], "texture": "#2"},
				"up": {"uv": [2.72706, 0.57211, 3.72706, 1.57211], "texture": "#2"},
				"down": {"uv": [13.53993, 0.57211, 2.33492, 1.87723], "texture": "#2"}
			}
		},
		{
			"from": [5.5, 1.5, 1.8],
			"to": [6.5, 2.5, 2.8],
			"rotation": {"angle": 0, "axis": "y", "origin": [6, 2, 1.5]},
			"faces": {
				"north": {"uv": [0.93445, 1.60191, 15.22646, 14.48272], "texture": "#2"},
				"east": {"uv": [7.68534, 0.49583, 8.68534, 1.49583], "texture": "#2"},
				"south": {"uv": [0, 0, 1, 1], "texture": "#missing"},
				"west": {"uv": [3.85221, 0.76281, 4.85221, 1.76281], "texture": "#2"},
				"up": {"uv": [2.28844, 0.62932, 3.28844, 1.62932], "texture": "#2"},
				"down": {"uv": [6.21692, 0.53397, 7.21692, 1.53397], "texture": "#2"}
			}
		},
		{
			"from": [7, 1.5, 1.8],
			"to": [9, 2.5, 2.8],
			"rotation": {"angle": 0, "axis": "y", "origin": [8, 2, 1.5]},
			"faces": {
				"north": {"uv": [0.36234, 0.57211, 15.66508, 15.64601], "texture": "#3"},
				"east": {"uv": [0, 0, 16, 16], "texture": "#3"},
				"south": {"uv": [0, 0, 1, 1], "texture": "#missing"},
				"west": {"uv": [0, 0, 16, 16], "texture": "#3"},
				"up": {"uv": [0, 0, 16, 16], "texture": "#3"},
				"down": {"uv": [15.46296, 15.64198, 0, 0], "texture": "#3"}
			}
		},
		{
			"name": "FrontWindow",
			"from": [5.02, 3.04, 6.16],
			"to": [10.97, 5.24, 7.16],
			"rotation": {"angle": 22.5, "axis": "x", "origin": [12, 3, 6]},
			"faces": {
				"north": {"uv": [0.25, 0.25, 0.75, 0.75], "texture": "#1"},
				"east": {"uv": [1.25, 0.25, 1.75, 0.75], "texture": "#1"},
				"south": {"uv": [2.25, 0.25, 2.75, 0.75], "texture": "#1"},
				"west": {"uv": [3.25, 0.25, 3.75, 0.75], "texture": "#1"},
				"up": {"uv": [4.25, 0.25, 4.75, 0.75], "texture": "#1"},
				"down": {"uv": [5.25, 0.25, 5.75, 0.75], "texture": "#1"}
			}
		},
		{
			"name": "FrontWindow",
			"from": [5.01, 2.72361, 6.49059],
			"to": [5.51, 4.92361, 7.49059],
			"rotation": {"angle": 22.5, "axis": "x", "origin": [5.27, 3.82361, 6.99059]},
			"faces": {
				"north": {"uv": [0.25, 0.25, 0.75, 0.75], "texture": "#0"},
				"east": {"uv": [1.25, 0.25, 1.75, 0.75], "texture": "#0"},
				"south": {"uv": [2.25, 0.25, 2.75, 0.75], "texture": "#1"},
				"west": {"uv": [3.25, 0.25, 3.75, 0.75], "texture": "#0"},
				"up": {"uv": [4.25, 0.25, 4.75, 0.75], "texture": "#0"},
				"down": {"uv": [5.25, 0.25, 5.75, 0.75], "texture": "#1"}
			}
		},
		{
			"name": "FrontWindow",
			"from": [10.51, 2.72361, 6.49059],
			"to": [11.01, 4.92361, 7.49059],
			"rotation": {"angle": 22.5, "axis": "x", "origin": [10.26, 3.82361, 6.99059]},
			"faces": {
				"north": {"uv": [0.25, 0.25, 0.75, 0.75], "texture": "#0"},
				"east": {"uv": [1.25, 0.25, 1.75, 0.75], "texture": "#0"},
				"south": {"uv": [2.25, 0.25, 2.75, 0.75], "texture": "#1"},
				"west": {"uv": [3.25, 0.25, 3.75, 0.75], "texture": "#0"},
				"up": {"uv": [4.25, 0.25, 4.75, 0.75], "texture": "#0"},
				"down": {"uv": [5.25, 0.25, 5.75, 0.75], "texture": "#1"}
			}
		},
		{
			"name": "FrontWindow",
			"from": [5.02, 2.04, 13.1],
			"to": [10.97, 5.24, 14.1],
			"rotation": {"angle": -22.5, "axis": "x", "origin": [12, 2, 13]},
			"faces": {
				"north": {"uv": [0.25, 0.25, 0.75, 0.75], "texture": "#1"},
				"east": {"uv": [1.25, 0.25, 1.75, 0.75], "texture": "#1"},
				"south": {"uv": [2.25, 0.25, 2.75, 0.75], "texture": "#1"},
				"west": {"uv": [3.25, 0.25, 3.75, 0.75], "texture": "#1"},
				"up": {"uv": [4.25, 0.25, 4.75, 0.75], "texture": "#1"},
				"down": {"uv": [5.25, 0.25, 5.75, 0.75], "texture": "#1"}
			}
		},
		{
			"name": "FrontWindow",
			"from": [4.99, 2.8, 7],
			"to": [4.99, 5, 13],
			"rotation": {"angle": 0, "axis": "y", "origin": [4, 3, 6]},
			"faces": {
				"north": {"uv": [1.25, 0.25, 1.75, 0.75], "texture": "#1"},
				"east": {"uv": [2.25, 0.25, 2.75, 0.75], "texture": "#1"},
				"south": {"uv": [3.25, 0.25, 3.75, 0.75], "texture": "#1"},
				"west": {"uv": [0.25, 0.25, 0.75, 0.75], "texture": "#1"},
				"up": {"uv": [4.25, 0.25, 4.75, 0.75], "rotation": 270, "texture": "#1"},
				"down": {"uv": [5.25, 0.25, 5.75, 0.75], "rotation": 90, "texture": "#1"}
			}
		},
		{
			"name": "FrontWindow",
			"from": [11, 2.8, 7],
			"to": [11, 5, 13],
			"rotation": {"angle": 0, "axis": "y", "origin": [10, 3, 6]},
			"faces": {
				"north": {"uv": [1.25, 0.25, 1.75, 0.75], "texture": "#1"},
				"east": {"uv": [2.25, 0.25, 2.75, 0.75], "texture": "#1"},
				"south": {"uv": [3.25, 0.25, 3.75, 0.75], "texture": "#1"},
				"west": {"uv": [0.25, 0.25, 0.75, 0.75], "texture": "#1"},
				"up": {"uv": [4.25, 0.25, 4.75, 0.75], "rotation": 270, "texture": "#1"},
				"down": {"uv": [5.25, 0.25, 5.75, 0.75], "rotation": 90, "texture": "#1"}
			}
		},
		{
			"name": "BackRight",
			"from": [10.01, 0, 11],
			"to": [11.01, 2, 13],
			"rotation": {"angle": 0, "axis": "y", "origin": [10, 0, 11]},
			"faces": {
				"north": {"uv": [13, 5, 3.76048, 13.13772], "texture": "#8"},
				"east": {"uv": [0, 0, 16, 16], "texture": "#7"},
				"south": {"uv": [9, 8, 10, 10], "texture": "#8"},
				"west": {"uv": [0, 0, 15.71556, 15.09333], "texture": "#7"},
				"up": {"uv": [7, 7, 16, 13], "texture": "#8"},
				"down": {"uv": [0, 5, 1, 7], "texture": "#8"}
			}
		},
		{
			"name": "FrontRight",
			"from": [4.99, 0, 3],
			"to": [5.99, 2, 5],
			"rotation": {"angle": 0, "axis": "y", "origin": [4, 0, 3]},
			"faces": {
				"north": {"uv": [13, 5, 3.76048, 13.13772], "texture": "#8"},
				"east": {"uv": [0, 0, 16, 16], "texture": "#7"},
				"south": {"uv": [9, 8, 10, 10], "texture": "#8"},
				"west": {"uv": [0, 0, 15.71556, 15.09333], "texture": "#7"},
				"up": {"uv": [7, 7, 16, 13], "texture": "#8"},
				"down": {"uv": [0, 5, 1, 7], "texture": "#8"}
			}
		},
		{
			"name": "BackRight",
			"from": [4.99, 0, 11],
			"to": [5.99, 2, 13],
			"rotation": {"angle": 0, "axis": "y", "origin": [4, 0, 11]},
			"faces": {
				"north": {"uv": [13, 5, 3.76048, 13.13772], "texture": "#8"},
				"east": {"uv": [0, 0, 16, 16], "texture": "#7"},
				"south": {"uv": [9, 8, 10, 10], "texture": "#8"},
				"west": {"uv": [0, 0, 15.71556, 15.09333], "texture": "#7"},
				"up": {"uv": [7, 7, 16, 13], "texture": "#8"},
				"down": {"uv": [0, 5, 1, 7], "texture": "#8"}
			}
		},
		{
			"name": "FrontRight",
			"from": [10.01, 0, 3],
			"to": [11.01, 2, 5],
			"rotation": {"angle": 0, "axis": "y", "origin": [10, 0, 3]},
			"faces": {
				"north": {"uv": [13, 5, 3.76048, 13.13772], "texture": "#8"},
				"east": {"uv": [0, 0, 16, 16], "texture": "#7"},
				"south": {"uv": [9, 8, 10, 10], "texture": "#8"},
				"west": {"uv": [0, 0, 15.71556, 15.09333], "texture": "#7"},
				"up": {"uv": [7, 7, 16, 13], "texture": "#8"},
				"down": {"uv": [0, 5, 1, 7], "texture": "#8"}
			}
		}
	],
	"display": {
		"thirdperson_righthand": {
			"rotation": [67, 0, 0],
			"translation": [1.25, 0, 2.25]
		},
		"ground": {
			"translation": [0, 4, 0]
		}
	},
	"groups": [
		{
			"name": "Front",
			"origin": [7, 2.5, 1],
			"color": 0,
			"children": [0, 1, 2, 3, 4, 5, 6, 7, 8, 9, 10]
		},
		{
			"name": "Windows",
			"origin": [12, 3, 4],
			"color": 0,
			"children": [11, 12, 13, 14, 15, 16]
		},
		{
			"name": "Wheels",
			"origin": [8, 8, 8],
			"color": 0,
			"children": [17, 18, 19, 20]
		},
		{
			"name": "hexadecagon",
			"origin": [8, 8, 8],
			"color": 0,
			"children": []
		}
	]
}